uid,premise,hypothesis,label,predicted_labels,confidence_score,predicted_labels_text
uit_Adver_1561_4_21_08,"3h sáng cùng ngày, trái tim của của người hiến đã đập lại trong lồng ngực chàng trai.","3am, một người được tái sinh.",contradiction,1,0.8074287,entailment
uit_Adver_320_4_31_02,"Ông Phạm Cao Vỹ, chủ tịch Hiệp hội Du lịch Sa Pa chia sẻ, nhận được lời kêu gọi từ hiệp hội, rất nhiều doanh nghiệp hưởng ứng, tham gia tích cực.",Ông Phạm Cao Vỹ được yêu thích.,neutral,1,0.7844139,entailment
uit_Adver_1561_4_31_08,"3h sáng cùng ngày, trái tim của của người hiến đã đập lại trong lồng ngực chàng trai.","Trái tim,một sự sống tái sinh vào 3h sáng.",neutral,1,0.7402931,entailment
uit_Adver_1669_2_11_09,Cảnh sát thành phố Bhopal hôm 13/5 cho biết sự việc gây sốc xảy ra đầu tháng 4 và được công bố sau hơn một tháng nghi phạm bị bắt.,Sự việc được công bố vào tháng 5.,entailment,0,0.72136104,contradiction
uit_Adver_1405_4_11_08,"Chiều nay, Phó giáo sư Lương Ngọc Khuê, Cục trưởng Quản lý Khám chữa bệnh, cùng các chuyên gia đầu ngành hội chẩn quốc gia các trường hợp bệnh nhân nặng tại các tỉnh.",Các chuyên gia đầu ngành hội chẩn quốc gia đã cùng nhau họp để tìm ra nguyên nhân dẫn đến tình trạng bệnh nặng của các bệnh nhân.,entailment,2,0.72353315,neutral
uit_Adver_1419_2_21_08,"Các ca xuất viện gồm 3211, 3262, 3268, 3660, đều là nữ, kết quả xét nghiệm âm tính 4 lần, tỉnh táo, không sốt, không ho, phổi hai bên thông khí tốt.",Các bệnh nhân nữ đều trải qua các lần xét nghiệm âm tính thì sẽ được điều trị tiếp tục tại bệnh viện.,contradiction,2,0.8207951,neutral
uit_Adver_2147_1_21_11,"Rãnh áp thấp ở phía Nam hoạt động mạnh dần, xu hướng nâng trục lên phía Bắc từ ngày 19/5 khiến TP HCM và một số tỉnh Nam Bộ mưa to, gây ngập.",TP.HCM và Nam Bộ sẽ có mưa vào đầu tháng 5 do rãnh áp thấp.,contradiction,2,0.74695283,neutral
uit_Adver_17_1_21_01,"Vitalik Buterin, người sáng lập tiền số Ethereum (ETH), có thêm 7,2 tỷ USD trong tài sản nhờ vào giá của đồng Shiba Inu (SHIB) tăng mạnh.","Sau thành công với Shiba Inu (SHIB), Vitalik Buterin tiếp tục sáng lập tiền số Ethereum (ETH).",contradiction,2,0.82954174,neutral
uit_Adver_277_3_11_02,"Cung đường chạy đã dẫn các vận động viên qua những vườn cây ăn trái, cung đường mòn nguyên sơ và cuối cùng sẽ về đích tại Đồi chè Trái Tim.",Vận động viên chạy đến Đồi chè Trái Tim sớm nhất sẽ giành chiến thắng.,entailment,2,0.8095478,neutral
uit_Adver_1083_1_21_06,"Doanh thu tăng trưởng âm, nhưng nhờ tiết kiệm nhiều chi phí giúp Idico lãi hơn 100 tỷ đồng quý đầu năm, hoàn thành 19% kế hoạch cả năm.",Idico đã có chiến thuật hợp lí nhờ tiết kiệm tối đa có thể nên lãi hơn 100 tỷ đồng vào 6 tháng đầu năm.,contradiction,2,0.752682,neutral
uit_Adver_1570_2_21_08,"Ngày 17/5, Bệnh viện Đà Nẵng đã cho nữ điều dưỡng, 31tuổi, nhân viên Khoa Hồi sức tích cực - chống độc xuất viện của bệnh viện, được xuất viện.",Do là nhân viên Khoa Hồi sức tích cực - chống độc nên nữ điều dưỡng đã được xuất viện.,contradiction,2,0.708242,neutral
uit_Adver_1561_3_21_08,"Người nhận tim là chàng trai 27 tuổi ngụ Đồng Nai bị cơ tim giãn, suy tim độ 4.",Đồng Nai đã xin một trái tim.,contradiction,1,0.79497516,entailment
uit_Adver_690_4_11_04,Bà My Hoàn nói đơn vị phát hiện bộ sách bị in lậu sau khi nhận thấy doanh thu từ đầu sách này sụt giảm.,Khả năng cao rằng sự giảm sút về mặt doanh thu đã khiến bà My Hoàn nghi ngờ và cố gắng tìm ra nguyên nhân.,entailment,2,0.7366551,neutral
uit_Adver_956_4_11_05,"Mục tiêu ban đầu của OneWeb là xây dựng một mạng lưới gồm 650 vệ tinh, dự kiến hoàn thành vào năm 2022.","Dự kiến trong nhiều năm tiếp theo, các vệ tinh sẽ được rải rác khắp toàn cầu.",entailment,2,0.764645,neutral
uit_Adver_923_3_31_05,Hệ thống đẩy lỏng (FPS) không có cánh quạt lộ ra bên ngoài.,Thiết bị không có cánh quạt.,neutral,0,0.7101829,contradiction
uit_Adver_598_3_21_03,"Trong hai ngày 25-26/5, thí sinh phải làm bốn bài thi, gồm Văn, Toán, Tiếng Anh và môn chuyên, thời gian làm bài lần lượt là 120, 90, 60 và 150 phút.",Kì thi diễn ra trong 2 ngày đầu tuần thứ 2 của tháng 5.,contradiction,1,0.79051495,entailment
uit_Adver_2537_1_21_13,"Bên trong căn hộ 68 m2 ở quận 8, khối hộp gỗ với xích đu và nhiều khoảng trống tạo nên không gian như sân chơi.",Ngôi nhà rộng 68 m2 được thiết kế với khu vực vui chơi với các khối hộp đá và xích đu bằng gỗ thích hợp cho trẻ em.,contradiction,2,0.818117,neutral
uit_Adver_1348_2_21_07,"Nguyễn Đức Tiến, Trần Văn Hiếu, Trần Trọng Hiệp và Tạ Quang Linh vừa bị Công an thị xã Sông Cầu bắt tạm giam về tội Lừa dối khách hàng theo khoản 2 Điều 198 BLHS.",Trong số bốn đối tượng bị Công an thị xã Sông Cầu bắt tạm giam về tội Lừa dối khách hàng theo khoản 2 Điều 198 BLHS có hai người là nữ.,contradiction,2,0.7423465,neutral
uit_Adver_1348_4_11_07,"Đầu tháng 4, Tiến mua những thanh sắt đã cắt ngắn khoảng một gang tay rồi hàn lại với nhau, đặt làm cân điện tử gắn chíp điều khiển từ xa.",Để cân điện tử có thể điều khiển từ xa Tiến đã hàn nối các thanh sắt ngắn lại với nhau như 1 bộ phân của cân.,entailment,2,0.75722384,neutral
uit_Adver_2401_2_21_13,"Cụ thể, việc cấp điện qua lưới hạ thế 220 V và trung thế 22 kV sẽ được Tổng công ty Điện lực TP HCM (EVNHCMC) thực hiện ngay khi nhận yêu cầu từ người dùng.",Tên viết tắt của Tổng công ty Điện lực TP HCM gồm có 9 chữ cái.,contradiction,1,0.74853736,entailment
uit_Adver_2259_3_31_12,"Hãng xe Hàn trang trí với những chi tiết mạ crôm ở ngoại thất như trên tay nắm, khung cửa sổ, chắn bùn trước, cũng như trên cản sau và quanh ống pô.",Khung cửa sổ của xe có chức năng trang trí.,neutral,1,0.8350083,entailment
uit_Adver_1882_1_21_10,"Nhờ chức vô địch mùa này, Pep Guardiola vươn lên thứ hai trong danh sách những HLV giành Ngoại hạng Anh nhiều nhất lịch sử.",Pep Guardiola là cầu thủ giành Ngoại hạng Anh nhiều nhất từ trước đến nay.,contradiction,2,0.7090949,neutral
uit_Adver_2336_1_11_12,"Mẫu MPV 7 chỗ đang trong giai đoạn phát triển, định vị dưới đàn anh Carnival với kích thước nhỏ hơn, giá dễ tiếp cận hơn.",Người dân có thể dễ tiếp cận hơn với dòng xe MPV hơn là Carnival.,entailment,2,0.74533916,neutral
uit_Adver_1995_2_31_10,"Tờ Telegraph hôm 4/5 tiết lộ Premier Golf League (PGL) đã ""chào giá"" từ 30-50 triệu USD cho mỗi golfer đang là thành viên PGA Tour lẫn European Tour.",Sáng ngày 4/5 tin tức về việc chào giá của PGL được đăng trên tờ Telegraph.,neutral,1,0.7344069,entailment
uit_Adver_650_5_11_04,Diễn viên nữ lọt mắt xanh Trương Nghệ Mưu những năm gần đây là Lưu Hạo Tồn.,Lưu Hạo Tồn rất được Trương Nghệ Mưu yêu thích và xem trọng.,entailment,2,0.8286656,neutral
uit_Adver_2401_5_31_13,"Để rút ngắn thủ tục cấp điện, đơn vị đã ứng dụng bản đồ địa lý (GIS) để đo khoảng cách, xác định cự ly trong công tác lắp đặt, không cần khảo sát trực tiếp hiện trường.",Cần nhiều hơn 3 giai đoạn để thực hiện thủ tục cấp điện.,neutral,1,0.82608896,entailment
uit_Adver_723_4_21_04,"Ông Phan Quốc Kiệt, giám đốc Nhà hát Trần Hữu Trang, cho biết thương đàn chị vì không thể tham gia khánh thành phòng triển lãm - chương trình bà tâm huyết.",Phòng triển lãm có thể sẽ được dời ngày khánh thành để bà được chứng kiến chương trình bà tâm huyết.,contradiction,2,0.78099746,neutral
uit_Adver_1910_5_31_10,"""Ronaldo dường như không tồn tại trước Milan.",Ronaldo đã không còn thành công trong sự nghiệp.,neutral,1,0.8092413,entailment
uit_Adver_304_2_31_02,"Bộ trưởng Du lịch, tiến sĩ Abdulla Mausoom xác nhận rằng Maldives đang phát triển chương trình ""du lịch 3V"" (Visit, Vaccine and Vacation), cho phép khách du lịch ""Tham quan, Tiêm phòng và Nghỉ dưỡng"".",Abdulla Mausoom có bằng tiến sĩ về Du lịch.,neutral,1,0.78528035,entailment
uit_Adver_1933_4_21_10,Trận Juventus - Milan có thể quyết định tấm vé dự Champions League mùa sau.,Hai đội tiến vào vòng chung kết sẽ nắm trong tay tấm vé dự Champions League mùa sau.,contradiction,2,0.7027459,neutral
uit_Adver_1655_4_21_09,Người phụ nữ này đang đệ đơn kiện lên các quan chức Xổ số California.,Người phụ nữ này sử dụng bạo lực lên các quan chức Xổ số California.,contradiction,2,0.7343143,neutral
uit_Adver_1628_5_11_09,Hiện chưa có báo cáo về số người thương vong sau các đòn không kích mới nhất của Israel vào Gaza.,Số lượng người bị thương trong vận tấn công vẫn còn có thể tăng lên.,entailment,2,0.71941566,neutral
uit_Adver_1007_3_11_06,Căn biệt thự được mô tả có 5 phòng ngủ với thang máy riêng và khu vườn rộng 650 m2 đã phá kỷ lục về giá cho thuê tại Hong Kong thiết lập hai tháng trước.,Căn biệt thự hiện có giá cho thuê cao nhất tại Hong Kong.,entailment,2,0.7679511,neutral
uit_Adver_777_1_21_04,Nhạc sĩ Questlove đi dép Crocs mạ vàng trên thảm đỏ Oscar lần thứ 93 tối 25/4 (giờ địa phương).,Nhạc sĩ Questlove được đề cử tại giải Oscar lần thứ 93.,contradiction,1,0.80070406,entailment
uit_Adver_1124_3_21_06,Các bộ phận sinh lời cao nhất trong hoạt động kinh doanh bán lẻ của Amazon đang bùng nổ.,"Nhờ kết hợp các dịch vụ lẻ lại với nhau, Amazon đang sinh lời cực cao.",contradiction,2,0.7788291,neutral
uit_Adver_1209_4_21_07,"Là người dân tộc Mông, Trắng rất am hiểu địa bàn, thường xuyên sinh sống và đi lại trong rừng nên cảnh sát gặp khó khăn khi truy bắt.",Do Trắng am hiểu địa bàn và sinh sống trong rừng nên đã nhiều lần bị công an tóm gọn.,contradiction,2,0.82558143,neutral
uit_Adver_1508_2_21_08,"Theo Tiểu ban điều trị Ban Chỉ đạo Quốc gia phòng, chống dịch Covid-19, bệnh nhân tiền sử đái tháo đường 21 năm, di chứng tai biến mạch máu não, yếu nửa người trái.","Ngoài đái tháo đường, tai biến và yếu nửa người trái thì bệnh nhân rất khỏe mạnh.",contradiction,2,0.7385184,neutral
uit_Adver_69_5_11_01,"Cybertruck là mẫu xe bán tải với thiết kế góc cạnh và ""hầm hố"", khả năng tăng tốc như siêu xe, tầm hoạt động hơn 800 km cho mỗi lần sạc đầy và được trình làng tháng 11/2019.",Cybertruck sẽ là cánh tay đắc lực cho các công nhân xây dựng nhờ hiệu suất hoạt động cao.,entailment,2,0.74018514,neutral
uit_Adver_246_4_31_02,"Dewa Nyoman Rai Dharmadi, đại diện cảnh sát Bali, cho hay: ""Cần xử phạt nghiêm khắc hơn, ngoài phạt tiền cần trục xuất họ nữa.",Các tên tội phạm sẽ bị phạt hành chính lẫn hình sự.,neutral,1,0.775654,entailment
uit_Adver_2031_3_21_11,Tài xế Nguyễn Duy Cường và những người trên xe xuống khai báo.,Thông tin mọi người trên xe đều được tài xế Nguyễn Duy Cường nắm để khai báo.,contradiction,2,0.7466173,neutral
uit_Adver_838_1_11_05,Các nhà khoa học công bố phát hiện một loài khủng long ba sừng chưa từng được biết tới sống trong kỷ Phấn Trắng cách đây 82 triệu năm.,Khủng long ba sừng đã tuyệt chủng.,entailment,0,0.74049985,contradiction
uit_Adver_524_5_31_03,UBND TP Hà Nội cũng quyết định lùi thời gian tuyển sinh trực tuyến vào lớp 1 từ ngày 1-3/7 sang ngày 12-14/7.,UBND TP Hà Nội quyết định thời gian tuyển sinh trực tuyến vào lớp 1 năm nay là vào ngày 12-14/7.,neutral,0,0.72684634,contradiction
uit_Adver_978_3_21_05,Phát hiện này khiến các nhà khoa học bối rối bởi khối lượng lớn của YSES 2b và khoảng cách giữa nó và ngôi sao chủ không phù hợp với các mô hình phổ biến nhất về sự hình thành hành tinh khí khổng lồ.,YSES 2b có khoảng cách xa ngôi sao chủ bởi vì đang giận nhau.,contradiction,2,0.7546027,neutral
uit_Adver_1741_5_31_09,"Các cuộc đụng độ leo thang trong bối cảnh Israel hạn chế tiếp cận khu vực Thành cổ Jerusalem trong tháng Ramadan, đe dọa trục xuất 4 gia đình Palestine sinh sống nhiều năm ở phía đông Jerusalem, nhằm lấy chỗ cho người Do thái định cư.",Thành cổ Jerusalem trong tháng Ramadan không cho Israel tiếp cận đến.,neutral,0,0.7689865,contradiction
uit_Adver_273_3_31_02,"Ban quản lý đồng muối Bonneville tuyên bố rằng kênh là một phần của ""khu công nghiệp"" và yêu cầu người dân, du khách ""không đến gần, bơi, chèo kayak, cano hoặc thực hiện bất kỳ hoạt động giải trí nào khác"" tại đó.","Đồng muối bị cấm mọi hoạt động với tất cả mọi người vì là một phần của""khu công nghiệp"".",neutral,0,0.71283966,contradiction
uit_Adver_877_4_21_05,Đây là lần đầu tiên cá voi xám được quan sát thấy tại bờ biển Pháp.,"Tương tự như lần quan sát tại bờ biển Pháp, cá voi xám được đã nhìn thấy nhiều lần trước đó tại bờ biển nước này.",contradiction,2,0.79336435,neutral
uit_Adver_787_3_21_04,"Tân hoa hậu là người dẫn chương trình, người mẫu.","Sau khi đăng quang, tân hoa hậu đã trở thành người dẫn chương trình, người mẫu.",contradiction,2,0.703354,neutral
uit_Adver_1504_4_31_08,"Phẫu thuật cấp cứu, bác sĩ gắp ra một khối lớn là tóc cuốn chặt trong dạ dày em bé, dài 10 cm, rộng 5 cm.",Tóc trong dạ dày em bé dài 10cm.,neutral,0,0.7854352,contradiction
uit_Adver_2419_3_21_13,"Chia sẻ lý do, đại diện công ty cho biết, chỉ trong hơn 2 tuần, Covid-19 đã có nhiều diễn biến phức tạp.",Chưa tới 10 ngày mà đã dịch bệnh cho Covid-19 đã diễn ra phức tạp hơn.,contradiction,1,0.83974177,entailment
uit_Adver_899_4_11_05,"Những con cú mèo nặng khoảng 100 g, bằng 4 viên pin tiểu.",Mười con cú mèo nặng 1k g.,entailment,0,0.76442033,contradiction
uit_Adver_1892_3_21_10,"Với ngày tổ chức mới, Ban tổ chức bảo lưu toàn bộ quyền lợi Bib của các vận động viên.",Bib của các vận động viên sẽ khác đi trong ngày tổ chứ mới.,contradiction,2,0.7215063,neutral
uit_Adver_426_4_11_03,"Năm 2021, trường THPT chuyên Khoa học tự nhiên tuyển 540 học sinh vào 6 khối chuyên Toán, Tin học, Vật lý, Hóa học, Sinh học và Chất lượng cao (mỗi khối 90 em).",Trường THPT chuyên Khoa học tự nhiên không tuyển khối chuyên Xã Hội.,entailment,0,0.71570605,contradiction
uit_Adver_590_4_11_03,"Năm 2021, trường THPT chuyên Khoa học tự nhiên tuyển 540 học sinh vào 6 khối chuyên Toán, Tin học, Vật lý, Hóa học, Sinh học và Chất lượng cao (mỗi khối 90 em).",Trường THPT chuyên Khoa học tự nhiên không tuyển khối chuyên Xã Hội.,entailment,0,0.71570605,contradiction
uit_Adver_363_2_31_02,"Hủ tiếu ở đây gây ấn tượng vì luôn nóng sốt, ngậy mùi thơm của ngò gai và nước xương hầm.",Hủ tiếu ở đây có hương vị ấn tượng.,neutral,1,0.8109921,entailment
uit_Adver_1399_2_31_07,"Thảo, Nguyễn Tất Lai (45 tuổi) và Lê Văn Quế (49 tuổi) cùng trú huyện Đô Lương bị tạm giữ về hành vi trộm cắp tài sản, Phòng cảnh sát hình sự (Công an Nghệ An) cho biết, chiều 24/4.",Thảo cùng hai đồng hương Đô Lương bị bắt giam vì có hành vi vi phạm pháp luật.,neutral,1,0.8044138,entailment
uit_Adver_1033_3_21_06,"Nhà đầu tư bán mạnh cổ phiếu tài chính, công nghiệp và năng lượng trong suốt cả phiên.",Các mã cổ phiếu năng lượng được săn đón gom mua nhiều nhất trong phiên hôm nay.,contradiction,2,0.7534037,neutral
uit_Adver_789_4_21_04,"Folklore đoạt giải ""Album của năm"" tại Grammy năm nay, giúp Taylor Swift trở thành nghệ sĩ đầu tiên có ba CD đoạt giải này, sau1 989 (2016), Fearless (2010).",Khoảng cách giữa 2 giải thưởng đầu tiên của Taylor Swift là 5 năm.,contradiction,1,0.7608811,entailment
uit_Adver_206_1_11_02,Xứ sở chùa vàng muốn thúc đẩy ngành công nghiệp không khói đang bị tàn phá nặng nề trong đại dịch.,Dịch bệnh đã tàn phá ngành du lịch Thái Lan.,entailment,0,0.7300575,contradiction
uit_Adver_1143_3_31_06,"Cụ thể, các khoản tiền để duy trì mức sống ổn định bao gồm các chi phí thuê nhà, thực phẩm, di chuyển và các tiện ích khác cho một người ở TP HCM khoảng 816 USD (khoảng 18,8 triệu đồng).",Một người có mức thu nhập trên 18 triệu đồng thì có thể sống ở TP HCM.,neutral,1,0.80618083,entailment
uit_Adver_1898_4_21_10,Đây là phương án được Solskjaer sử dụng thường xuyên ở mùa giải này.,Solskjaer sử dụng phương án này để chiến thắng các mùa giải.,contradiction,2,0.8473075,neutral
uit_Adver_762_2_11_04,"Trên trang cá nhân hôm 26/4, diễn viên đăng ảnh diện blazer màu neon - xu hướng hot trên các sàn diễn thời trang những năm gần đây.",Cộng đồng yêu thích thời trang gần đây quan tâm nhiều đến những màu sắc neon kết hợp với những chiếc áo blazer tạo cảm giác năng động.,entailment,2,0.81319654,neutral
uit_Adver_2004_4_21_11,"Hà Nội cũng yêu cầu các tổ chức, cá nhân không mời người nước ngoài vào Việt Nam hoạt động tín ngưỡng, tôn giáo, nhất là những người đến hoặc đi qua vùng dịch; không cử chức sắc đi nước ngoài hoạt động tín ngưỡng, tôn giáo cho đến khi có thông báo được phép.",Mọi người được yêu cầu hạn chế xuất nhập cảnh bởi ông Hà Nội để có thể phòng chống dịch.,contradiction,1,0.7612125,entailment
uit_Adver_872_1_21_05,Một nhóm nhà khoa Hàn Quốc tạo ra chùm laser cường độ cao nhất với năng lượng 1.023 W/cm2.,"Trong quá khứ, đã có chùm laser được tạo ra với năng lượng hơn 1.500 W/cm2.",contradiction,1,0.7483832,entailment
uit_Adver_1497_5_21_08,"Ngày 10/5, chị được phẫu thuật nội soi, lấy sạch khối cholesteatoma, thay thế và tạo hình phần xương con bị ăn mòn.",Bác sĩ giúp chị tìm được giải pháp và sẽ được phẫu thuật lấy khối cholesteatoma ra.,contradiction,2,0.76527876,neutral
uit_Adver_2376_4_31_12,"Kia Seltos hiện được phân phối tại Việt Nam với 3 phiên bản Deluxe, Luxury, Premium với giá bán tương ứng lần lượt là 609, 659 và 729 triệu đồng.","Kia Seltos ra mắt với 3 phiên bản Deluxe, Luxury, Premium.",neutral,0,0.7289058,contradiction
uit_Adver_1769_3_11_09,"Cô bị bắt vào ngày 7/4 tại thành phố Liên Vân Cảng gần đó, sau nỗ lực chung của phòng tư pháp địa phương, cảnh sát và các công tố viên.",Cảnh sát và các công tố viên đã thẩm vấn cô rất gắt gao khi cô bị bắt.,entailment,2,0.8289067,neutral
uit_Adver_1796_1_21_09,Thầy giáo tiểu học ở tỉnh Hà Nam bị bắt vì giật tóc một học sinh 9 tuổi tới mức nứt hộp sọ và chảy máu trong.,Giáo viên giật tóc học sinh 9 tuổi sẽ bị bắt.,contradiction,2,0.7810021,neutral
uit_Adver_2542_1_11_13,"Bạn có thể chia sẻ ảnh, video vui cười, đóng góp 100.000 tiếng cười giúp trẻ hở hàm ếch phẫu thuật trong chương trình ""1 tiếng cười - 1 hi vọng"".","""1 tiếng cười - 1 hi vọng"" là chương trình từ thiện nhằm giúp đỡ các đứa trẻ không may nắm khi bị hở hàm ếch",entailment,2,0.7348867,neutral
uit_Adver_1542_1_11_08,"""Bệnh nhân 4514"", 35 tuổi, từng đến Bệnh viện TP Thủ Đức và Vinmec Central Park, ghé quán nước vỉa hè đường Pasteur, mua đồ tại chung cư Sunview Town.",Bệnh nhân 4514 không ghé quán nem nướng Nha Trang nổi tiếng tại Đà Lạt.,entailment,0,0.7303712,contradiction
uit_Adver_408_4_31_03,"Cả 10 trường trong danh sách đều có tỷ lệ chấp nhận chưa tới 25%, nghĩa là 3/4 số ứng viên sẽ bị loại, trung bình 19,1%.","Trong 10 trường có 1 trường có tỉ lệ 19,1%.",neutral,0,0.7206349,contradiction
uit_Adver_2580_1_21_13,Vòng tay làm từ đá quý không chỉ giúp người đeo thể hiện cá tính mà còn mang ý nghĩa phong thủy và có tác dụng ít nhiều đối với sức khỏe.,Cách để mọi người phòng ngừa bệnh tật là đeo vòng tay làm từ đá quý.,contradiction,2,0.7009126,neutral
uit_Adver_1125_4_21_06,"Nguyên nhân giá gas tháng 5/2021 giảm là nhà cung cấp thế giới công bố giá gas bình quân đạt 485 USD một tấn, giảm 60 USD một tấn so với tháng trước.",Sự biến động của giá cả các nguyên nhiêu liệu phụ thuộc vào người sử dụng.,contradiction,1,0.74301076,entailment
uit_Adver_672_2_11_04,Yoga dê là phương pháp tập luyện được Mỹ ưa chuộng từ năm 2017.,Mọi người tập Yoga dê để có cải thiện sức khỏe.,entailment,2,0.8181054,neutral
uit_Adver_838_2_31_05,"Loài khủng long mới được đặt tên là Menefeeceratops sealeyi cung cấp mảnh ghép quan trọng cho sự hiểu biết của các nhà khoa học về lịch sử tiến hóa của họ Ceratopsidae, bao gồm các loài khủng long có sừng, mỏ và diềm xương (xương vảy).",Loài người coi như đã hiểu nhiều hơn về thế giới khủng long.,neutral,1,0.8027038,entailment
uit_Adver_2031_2_11_11,"Lúc 16h15 ngày 26/5, xe ôtô 7 chỗ hiệu Mitsubishi Xpander biển kiểm soát Hà Nội dừng khai báo y tế tại chốt kiểm dịch bắc Quảng Bình, đặt tại quốc lộ 1A đoạn qua xã Quảng Đông, huyện Quảng Trạch.","Tại bắc Quảng Bình, được chính quyền đặt một chốt kiểm dịch nhờ thế mà vào 16h15 ngày 26/5 đã phát hiện xe ôtô 7 chỗ đáng nghi.",entailment,2,0.79033846,neutral
uit_Adver_246_2_31_02,"Trong video, Lin nói ""Các bạn có thấy là không ai để ý tới chúng tôi?",Không ai để ý tới hành động của Lin.,neutral,0,0.7512769,contradiction
uit_Adver_2470_1_11_13,"Những chiếc máy massage với hệ thống túi khí, con lăn có chức năng xoa bóp, bấm huyệt giúp người dùng giảm đau nhức cơ khớp và thư giãn tinh thần.",Những chiếc máy massage được nhiều người có vấn để về xương khớp và người lớn tuổi chọn mua.,entailment,2,0.71703696,neutral
uit_Adver_1580_1_31_08,Nhân viên y tế với sự hỗ trợ của quân đội đi lấy mẫu xét nghiệm từng nhà tại hai thị trấn ở miền bắc nước Anh để ngăn chặn biến thể Ấn Độ lây lan.,Y tế miền bắc đất nước mặt trời mọc đang ở tình trạng báo động do biến thể Ấn Độ lây lan.,neutral,1,0.78124917,entailment
uit_Adver_308_5_21_02,"Năm 2021, hãng khôi phục và mở mới thêm 13 đường bay, nâng tổng số đường bay nội địa lên 60, nhiều nhất trong các hãng hàng không nội địa.","Năm 2021, với 13 đường bay mới hoàn toàn đã giúp cho hãng vươn lên vị trí nhiều đường bay nội địa nhất trong các hãng hàng không nội đại.",contradiction,2,0.8387442,neutral
uit_Adver_505_5_31_03,"Ngay sau khi bị tố cáo, cảnh sát thành phố Ruijin đã giam giữ Liu trong 7 ngày, từ 14 đến 21/4.",Liu có thể đã bị giam giữ trong một khoảng thời gian tại thành phố Ruijin sau khi có cáo buộc trộm cắp.,neutral,1,0.8030256,entailment
uit_Adver_654_4_21_04,"Tiến sĩ Ramani Durvasula đánh giá cao việc Kendall Jenner chia sẻ câu chuyện, bởi nó giúp những người đang chiến đấu với bệnh trầm cảm cảm thấy không cô độc.",Người mẫu vì có cường độ luyện tập để giữ dáng nên gặp nhiều chứng bệnh.,contradiction,2,0.7879452,neutral
uit_Adver_270_4_21_02,"Theo bà Vượng, lượng khách đến thị xã tăng mạnh là do chương trình kích cầu năm 2021 đã được triển khai một cách tổng thể và đồng bộ.",Bà Vượng đã suy nghĩ về 2 3 con mực để gia tăng lượng khách đến thị xã.,contradiction,2,0.80361706,neutral
uit_Adver_1195_2_11_06,"Tại TP HCM và một số tỉnh, thành phía Nam xuất hiện tờ rơi quảng cáo cho vay tín chấp sử dụng logo, hình ảnh thương hiệu EVN.","Không chỉ TP HCM mà nhiều tỉnh thành khác cũng xuất hiện tờ rơi quảng cáo cho vay tín chấp sử dụng logo, hình ảnh thương hiệu EVN.",entailment,2,0.72577596,neutral
uit_Adver_381_4_21_02,Khảo sát nhu cầu và xu hướng tiêu dùng của du khách Việt thời Covid-19 thu hút đông đảo độc giả tham gia từ ngày 15/3.,Kết quả khảo sát nhu cầu và xu hướng tiêu dùng của du khách Việt thời Covid-19 được công bố vào cuối tháng 2 đã đưa ra nhiều thông tin thú vị.,contradiction,2,0.82695746,neutral
uit_Adver_582_2_21_03,"Ngày 16/3, Sở Giáo dục và Đào tạo Hà Nội cho biết trong 5 trường trên, có 2 trường không có hồ sơ xác định chỉ tiêu là THPT Đại Việt và Global, một trường chưa được cấp phép hoạt động là Phổ thông Phú Bình, một trường chưa được cấp phép chuyển địa điểm hoạt động là THPT Nguyễn Văn Huyên và một trường xin dừng tuyển sinh là THPT Đặng Thai Mai - Sóc Sơn.",Trường tư lập phải có thông tin chi tiết số lượng về các học sinh tham gia thi tuyển sinh.,contradiction,1,0.7665745,entailment
uit_Adver_1662_5_31_09,"Các bác sĩ kết luận Mcyen đã mắc hội chứng ""nói giọng nước ngoài"", thường xảy ra sau khi trải qua phẫu thuật, chấn thương vùng não hoặc đột quỵ.",Mcyen đã bị chấn thương vùng não hoặc đột quỵ.,neutral,0,0.7004902,contradiction
uit_Adver_47_3_11_01,"Hôm 26/4, công ty của Elon Musk cũng đã ghi nhận khoản lãi ròng 101 triệu USD từ việc bán Bitcoin trong quý I. Đây cũng là khoản tiền giúp hãng đạt mức lãi kỷ lục 438 triệu USD trong 3 tháng đầu năm.","Việc công ty của Elon Musk thu được lợi nhuận từ giao dịch Bitcoin trong quý I không chỉ giúp cải thiện kết quả tài chính mà còn góp phần đáng kể vào việc đạt được mức lãi kỷ lục trong ba tháng đầu năm, vượt xa kỳ vọng ban đầu.",entailment,2,0.7893088,neutral
uit_Adver_953_4_11_05,Nguyên nhân gây ra cái chết của cá voi vây vẫn chưa được hiểu rõ.,Cái chết của cá voi có nhiều nguyên nhân nhưng mọi việc vẫn đang điều tra nên chưa được hiểu rõ.,entailment,2,0.72170377,neutral
uit_Adver_1896_4_11_10,"Nhưng với những ai từng biết đến bức tâm thư của Đặng Văn Lâm năm 2015, sẽ có lý do để đặt niềm tin vào lựa chọn của HLV Park.","Năm 2015, bức tâm thư của Đặng Văn Lâm đã trở nên khá nổi tiếng trong giới yêu bóng đá.",entailment,2,0.7546569,neutral
uit_Adver_189_4_21_01,"Sản phẩm bị làm giả nhiều nhất là Huawei P10 với số lần phát hiện là 66.085, vượt xa con số 16.495 của iPhone X. Danh sách cũng bao gồm các model mới, thậm chí thuồng hàng hiếm trên thị trường như Samsung W2019, bên cạnh Huawei P40.",Số lượng hàng nhái của dòng Huawei P10 gấp 5 lần dòng điện thoại của nhà Táo ra mắt năm 2017.,contradiction,1,0.7557679,entailment
uit_Adver_349_1_21_02,"Khách tham quan sốc khi thấy một con chó Golden Retriever trong chuồng treo biển ""sư tử châu Phi"".",Chú chó Golden Retriever được phẩu thuật để biến thành sư tử châu Phi.,contradiction,2,0.7247152,neutral
uit_Adver_299_5_21_02,"Thực tế, nếu mua ghế có chỗ để chân thoải mái, hành khách chỉ cần trả thêm 55 USD.",Giá vé máy bay thực chất có giá đúng nửa trăm USD.,contradiction,1,0.7037231,entailment
uit_Adver_2283_1_31_12,Hãng ôtô Nhật sẽ gia nhập cuộc chơi với mẫu xe không phát thải đầu tiên - chiếc SUV cỡ nhỏ tên Solterra - dự kiến bán từ giữa 2022.,Hãng xe Nhật đã tham gia vào việc chế tạo xe chạy không phát ra khí thải làm hại sức khỏe.,neutral,1,0.72648656,entailment
uit_Adver_124_1_11_01,"Hacker đã thâm nhập hàng chục nghìn camera an ninh và bán nội dung đánh cắp được dưới dạng ""gói video gia đình"".",Nhiều file nội dung video được đánh cắp và bán tràn lan khắp nơi.,entailment,2,0.7206155,neutral
uit_Adver_377_4_11_02,Các di tích trong phố cổ Hội An có kiến trúc xây dựng chủ yếu từ gỗ.,Nếu đến du lịch ở Hội An thì du khách sẽ bắt gặp nhiều kiến trúc bằng gỗ.,entailment,2,0.84581614,neutral
uit_Adver_1696_2_11_09,"Cảnh sát thành phố Tanmen, thành phố Quỳnh Hải, hôm 7/5 nhận được tin một blogger Weibo đã quay đoạn video ăn thịt ốc hoàng hậu, tên quốc tế là Triton's Trumpet, một loài ốc biển rất lớn, và đăng trên các mạng xã hội bao gồm Weibo, Douyin và Bilibili.",Ăn thịt ốc Triton's Trumpet tại Trung Quốc sẽ có thể khiến người ăn bị dính dáng đến cảnh sát.,entailment,2,0.70123804,neutral
uit_Adver_491_2_21_03,"Năm 2021, Đại học Đại Nam giữ ổn định phương thức tuyển sinh ngành Y khoa như năm ngoái.","Vì tình hình đã có nhiều chuyển biến, nên phương thức xét tuyển cũng có phần khác đi với ban đầu.",contradiction,2,0.76348525,neutral
uit_Adver_2296_4_31_08,"Theo thiếu tướng Lượng, yêu cầu nhiệm vụ lần này phức tạp và kéo dài.","Thiếu tá họ Lượng đã đưa ra lời nhận xét, nhìn nhận về nhiệm vụ trước mắt.",neutral,1,0.78885406,entailment
uit_Adver_217_1_11_02,"Quán bún bò Huế Ngự Bình hút khách hơn 25 năm qua, nhờ nước dùng thanh ngọt từ xương hầm và đường phèn.",Nhờ những nguyên liệu cốt lõi mà quán bún bò rất đắt khách từ năm 1997.,entailment,2,0.7489607,neutral
uit_Adver_2320_5_31_12,"Theo khuyến cáo từ nhà sản xuất, tuổi thọ của ắc quy V-on có thể 3-5 năm, tương đương 350-500 lần sạc.","Nhà sản xuất tuyên bố hạn sử dụng của ắc quy V-On là 5 năm, tương đương 500 lần sạc.",neutral,0,0.78369254,contradiction
uit_Adver_1750_5_21_09,"""Từ những sĩ quan có mặt tại hiện trường đầu tiên đến các nhà điều tra còn đang ở đó, tất cả đều cực kỳ bàng hoàng.",Những sĩ quan đã chứng kiến vụ án đầu tiên.,contradiction,1,0.85757864,entailment
uit_Adver_368_3_21_02,"Trong khuôn khổ tọa đàm, các bên sẽ cùng thảo luận về hướng đi cho du lịch Việt Nam trong bối cảnh khi du lịch nội địa đang chuẩn bị đón mùa cao điểm hè 2021, với những dấu hiệu tích cực.",Mùa hè năm 2021 sẽ là thời điểm có lượng khách du lịch đến các địa điểm nội địa tăng mạnh,contradiction,2,0.73883563,neutral
uit_Adver_1470_1_31_08,"Viện Vệ sinh dịch tễ Trung ương giải trình tự gene virus 36 bệnh nhân Covid-19 ở Đà Nẵng và Điện Biên, phát hiện nhiễm biến chủng Anh B.1.1.7 và B.1.617.2 Ấn Độ.",Người Việt có khả năng tự giải trình tự gene các loại virus.,neutral,1,0.7932076,entailment
uit_Adver_885_1_21_05,"Chiếc đèn bằng đồng được chôn dưới móng nhà, nhiều khả năng dùng cho một nghi thức mang lại may mắn cho những người sống bên trong.","Để có được sự may mắn, người chủ đã nhờ thầy pháp niệm vào chiếc lòng cầu mong thịnh vượng.",contradiction,2,0.70357037,neutral
uit_Adver_801_5_31_05,Thử nghiệm trên lợn cũng cho kết quả tương tự.,Các kết quả nghiêm cứu trên loài heo Nam Mỹ có kết quả y hệt nhau.,neutral,1,0.7701129,entailment
uit_Adver_491_5_11_03,"Trong khi các đại học công lập có đào tạo ngành Y khoa như Đại học Y Hà Nội, trường Y Dược - Đại học Quốc gia Hà Nội hay Học viện Y Dược học cổ truyền Việt Nam chỉ xét tuyển bằng tổ hợp B00 (Toán, Hoá, Sinh), Đại học Đại Nam sử dụng tới bốn tổ hợp để xét tuyển ngành này, gồm A00 (Toán, Lý, Hoá), A01 (Toán, Lý, Anh), B00 (Toán, Hoá, Sinh), B08 (Toán, Sinh, Anh).",Ngành Y khoa ở các trường khác đều chọn tổ hợp B00 để xét điểm nhưng riêng với đại học Đại Nam có nhiều cơ hội khác hơn cho thí sinh lựa chọn.,entailment,2,0.70768034,neutral
uit_Adver_1242_3_21_07,"Cuối tháng 3, Tùng vượt biên sang Lào tìm cơ hội việc làm sau khi liên hệ với người anh họ 42 tuổi đang lao động tại thủ đô Vientiane.",Tùng tìm cách nhập cảnh trái phép từ Lào sang Việt Nam để tìm việc làm.,contradiction,1,0.78953767,entailment
uit_Adver_1827_2_21_10,"Lần gần nhất Scott Carson thi đấu ở Ngoại hạng Anh là ngày 22/5/2011, trong màu áo West Brom.",Trong trận đấu ngày 22/5/2011 Scott Carson là huấn luyện viễn cho các câu thủ đội  West Brom.,contradiction,2,0.76200706,neutral
uit_Adver_578_5_21_03,"Tại kỳ thi tốt nghiệp THPT, thí sinh phải làm 5 bài thi, gồm 3 bài độc lập là Toán, Ngữ văn, Ngoại ngữ, 2 bài tổ hợp là Khoa học tự nhiên (Vật lý, Hóa học, Sinh học) và Khoa học xã hội (Lịch sử, Địa lý, Giáo dục công dân với thí sinh chương trình giáo dục phổ thông; hoặc Lịch sử, Địa lý với thí sinh học chương trình giáo dục thường xuyên).","Các thí sinh học chương trình giáo dục thường xuyên có trình độ cao hơn nên chỉ cần thì 2 môn Lịch sử, Địa lý.",contradiction,2,0.74432725,neutral
uit_Adver_973_2_11_05,"Đoạn video được một nhóm quan sát cá voi ghi lại hôm 16/4 cho thấy con mòng biển tự do đi lại và bắt ký sinh trùng trên cơ thể của một con cá Mặt Trăng khổng lồ tại vùng biển ngoài khơi Dana Point ở bang California, phía tây nước Mỹ.",Ký sinh trùng trên cơ thể của con cá Mặt trăng là nguồn thức ăn đối với con chim mòng biển.,entailment,2,0.720401,neutral
uit_Adver_1137_3_11_06,"Trước thắc mắc này, ông Phan Đình Tân - Phó chủ tịch HĐQT Nam A Bank cho biết, Hội đồng quản trị cũng nỗ lực cam kết đem lại lợi ích cao nhất cho cổ đông và thực tế ngân hàng luôn chia cổ tức qua các năm.","Qua các năm, Nam A Bank vẫn luôn giữ niềm tin của các cổ đông vì đem lại lợi ích cao và chia cổ tức đầy đủ từng năm, theo lời ông Phan Đình Tân - Phó chủ tịch HĐQT.",entailment,2,0.72911495,neutral
uit_Adver_1547_5_31_08,Sở Y tế tiếp tục khẩn tìm người từng đến địa điểm có Covid-19 liên hệ đường dây nóng 0965164919 để được hướng dẫn phòng dịch.,Sở Y tế cần tìm những người bị nhiễm Covid-19 để hướng dẫn về an toàn với dịch.,neutral,1,0.70305425,entailment
uit_Adver_654_3_11_04,"Trong nhiều năm, người mẫu tiếp tục đối diện với chứng bệnh.","Khảo sát cho thấy, càng nổi tiếng lại càng đối diện với nhiều chứng bệnh.",entailment,2,0.7308163,neutral
uit_Adver_2311_4_21_12,Nhưng xu hướng mua sắm trực tuyến đang ngày một phổ biến.,Việc đi tới của hàng mua sắn offline đang dần thịnh hành.,contradiction,1,0.7990264,entailment
uit_Adver_1896_5_11_10,Đặng Văn Lâm đang nỗ lực tìm chỗ đứng tại Cerezo Osaka.,"Có được vị trí ở Cerezo Osaka, Đặng Văn Lâm đã cố gắng hết mình.",entailment,2,0.7716325,neutral
uit_Adver_1982_4_21_10,"Dù vậy, ở trận gần nhất trên sân nhà Pleiku, HAGL để Bình Dương cầm hòa 2-2.",Tỷ số trận đấu giữa đội bóng Bình Dương và HAGL hòa với nhau.,contradiction,1,0.73471236,entailment
uit_Adver_2366_2_11_13,"Tuy nhiên, đứa con đầu lòng là con gái nên Samet đặt tên như những đứa trẻ bình thường.",Samet không thể thực hiện việc đặt tên của mình.,entailment,0,0.74645865,contradiction
uit_Adver_124_2_21_01,"Kênh truyền hình Hà Nam (Trung Quốc) cho biết các video này lấy từ camera tại nhà riêng, khách sạn, phòng thử đồ, thẩm mỹ viện... Chúng được định giá dựa trên mức độ thu hút của nội dung và được rao bán trên mạng xã hội.",Các video được đánh cắp sẽ được bán giá cao hơn nếu nội dung hấp dẫn người xem hơn.,contradiction,2,0.7318522,neutral
uit_Adver_299_2_11_02,"Dave O'Neil, diễn viên hài người Australia, chia sẻ ảnh chụp màn hình trang đặt vé máy bay khứ hồi của hãng Qantas hôm 19/4 của mình.",Dave O'Neil là diễn viên hài chuyên gây cười cho người xem.,entailment,2,0.7976726,neutral
uit_Adver_962_2_21_02,"Ngày 26/4, Hội đồng Tư vấn Du lịch (TAB) công bố kết quả khảo sát ""Nhu cầu và xu hướng khách du lịch thời Covid-19"" được thực hiện vào tháng 3/2021.",Hội đồng Tư vấn Du lịch có tên viết tắt rất dài.,contradiction,1,0.75417495,entailment
uit_Adver_529_1_31_03,"11 đầu sách giáo khoa lớp 2, 15 đầu sách lớp 6 được chọn sử dụng cho tất cả trường năm học 2021-2022, theo quyết định của UBND TP HCM ngày 7/4.",Năm học này khối lớp 2 và 6 không sử dụng các đầu sách cũ.,neutral,0,0.7062277,contradiction
uit_Adver_783_2_11_04,"Phân cảnh nằm ở cuối phim, trong tình huống Hiền - nhân vật chính (Võ Thành Tâm đóng) - bị phe phản diện ép lên phà, buộc trả cổ vật để cứu vợ con.",Vợ con Hiền có thể sẽ chết nếu nhân vật do Võ Thành Tâm thủ vai không có khả năng lên trả cổ vật.,entailment,2,0.8008379,neutral
uit_Adver_881_2_21_05,"Trong buổi tổng kết chương trình hợp tác nghiên cứu khoa học công nghệ giữa Việt Nam và Italy tổ chức chiều 6/5 tại Hà Nội, hai bên đã đưa ra những sáng kiến hợp tác mới trong giai đoạn 2021-2023.",Chương trình hợp tác mới về nghiên cứu khoa học giữ Việt Nam và Ý dự kiến kéo dài trong 4 năm.,contradiction,2,0.7363406,neutral
uit_Adver_2296_2_11_08,"Thiếu tướng Nguyễn Viết Lượng, Chính ủy Học viện Quân y, cho biết đây là đoàn thứ 3 và thứ 4 từ Học viện Quân y chi viện hai tỉnh chỉ trong ba ngày qua.",Học viện Quân y đã rất quan tâm đến tình hình sức khỏe ở các tỉnh và đã không ngần ngại đóng góp nguồn lực để giúp giải quyết vấn đề.,entailment,2,0.7998088,neutral
uit_Adver_2186_5_21_11,"7h30 ngày 9/5, bệnh nhân đi chợ Cầu Hai mua thực phẩm.",Có nhiều người chính kiến bệnh nhân vẫn khỏe mạnh đi mua sắm bình thường nên đã không tin vào thông báo từ chính  quyền.,contradiction,2,0.71806383,neutral
uit_Adver_682_3_31_04,"Ở tuổi 49, Việt Trinh quan tâm đến sức khỏe bản thân nhiều hơn.",Việt Trinh vốn không quan tâm đến sức khoẻ bản thân.,neutral,0,0.7271155,contradiction
uit_Adver_2377_3_31_12,"Nhưng chiếc xe thứ ba xuất hiện, cũng là một xe bồn, với tốc độ rất nhanh và gần như không có dấu hiệu phanh, ủn ôtô con vào đuôi xe bồn phía trước.",Trên đường có 3 chiếc xe xuất hiện.,neutral,1,0.70132124,entailment
